,0,1,2,3,4,5,6,7,8,9,10,11,12,13,14,15,16,17,18,19,20,21,22,23,24,25,26,27,28,29,30,31,32,33,34,35,36,37,38,39,40,41,42,43,44,45,46,47,48
0,0.020432841032743454,-0.0840107798576355,0.038719721138477325,0.07055819034576416,0.07580021023750305,0.07456248253583908,-0.03881638124585152,-0.06726430356502533,0.013093402609229088,-0.028467053547501564,0.07703865319490433,0.02131761610507965,-0.022216858342289925,0.07913178205490112,-0.06821271032094955,-0.02707936428487301,0.02847135253250599,0.028465209528803825,-0.07086911052465439,-0.05714746564626694,0.08233670890331268,-0.09795517474412918,-0.011588385328650475,-0.09552859514951706,-0.12555183470249176,0.014657697640359402,0.0043826838955283165,0.010626831091940403,-0.0478951632976532,-0.004436195362359285,-0.09215916693210602,-0.06185237690806389,-0.033528272062540054,-0.03186607360839844,0.08442079275846481,-0.00930959451943636,-0.008814908564090729,-0.06671407073736191,-0.07547080516815186,-0.08001893758773804,0.04053900018334389,0.05379682034254074,0.02222600020468235,0.020181918516755104,0.014605684205889702,0.030470436438918114,-0.04695071652531624,0.02176619879901409,0.10320774465799332
1,-0.05520932003855705,0.04633254557847977,-0.00813133642077446,0.06765197217464447,-0.02300189808011055,-0.01696193404495716,-0.07905160635709763,-0.009988890029489994,0.07029508799314499,0.019909072667360306,0.033324677497148514,0.0013616840587928891,-0.07293496280908585,-0.08772723376750946,0.07332532852888107,0.04740714654326439,0.05279199033975601,0.004139890428632498,0.03660135716199875,0.0005074071232229471,-0.015778498724102974,0.012646656483411789,-0.016669588163495064,0.03392353281378746,-0.019575951620936394,0.06747142970561981,-0.03708792105317116,0.06962940841913223,-0.03585023432970047,0.1033100113272667,0.05987684056162834,0.005089622922241688,0.0964280515909195,0.00636539189144969,0.010833574458956718,0.02962401695549488,0.054449889808893204,-0.06848200410604477,-0.04053404554724693,0.0047537339851260185,-0.04288448765873909,0.04138060659170151,0.051342952996492386,0.036618903279304504,0.00012992144911549985,0.04203716665506363,-0.06955741345882416,0.08921226114034653,-0.1171107217669487
2,0.044259343296289444,-0.0901779755949974,-0.0419875867664814,0.056625571101903915,-0.023228267207741737,0.054307788610458374,0.05833958089351654,-0.019839836284518242,-0.03668195381760597,-0.10086377710103989,0.0886601135134697,0.013191730715334415,0.02324116788804531,0.07657608389854431,-0.02854534424841404,-0.09655048698186874,-0.0832265168428421,-0.021622853353619576,0.123416468501091,0.08473777770996094,0.14442437887191772,-0.025947287678718567,0.0026598398108035326,-0.11373764276504517,-0.08123712986707687,-0.035594843327999115,0.0988217368721962,0.12168067693710327,-0.11483457684516907,-0.07676976919174194,-0.01924525760114193,-0.08596041053533554,-0.06101119890809059,0.03142150491476059,0.10745780915021896,-0.03671851009130478,-0.07338543981313705,-0.059907492250204086,-0.0781937837600708,0.035114262253046036,0.009116725996136665,0.02614167518913746,0.051735494285821915,0.03934912756085396,0.006481753662228584,0.08539117127656937,-0.011335051618516445,0.04017859324812889,-0.016225287690758705
3,-0.06937463581562042,-0.06809455156326294,0.023945048451423645,0.062627874314785,0.06825670599937439,-0.018555263057351112,-0.00836211908608675,-0.0009888788918033242,0.045316729694604874,-0.06445339322090149,0.039245519787073135,0.03985735401511192,0.00820127222687006,0.05464306101202965,-0.0058057974092662334,0.02732147090137005,0.02309603989124298,0.04283514246344566,0.017160434275865555,-0.04976988956332207,-0.04468471184372902,-0.03683336079120636,-0.017564553767442703,0.08019762486219406,0.06583519279956818,0.02603738196194172,0.042670972645282745,-0.04702748730778694,-0.014513653703033924,-0.013978887349367142,-0.00413074204698205,-0.020843258127570152,0.025961143895983696,-0.02203206717967987,-0.06250103563070297,-0.06065160408616066,-0.09245554357767105,0.012805498205125332,0.06192496046423912,0.044871266931295395,0.0012335667852312326,-0.04723341017961502,-0.009838494472205639,-0.08156926184892654,-0.06385757029056549,-0.04436957836151123,-0.02182219922542572,0.02909933403134346,0.023983288556337357
4,-0.0066763050854206085,0.013894976116716862,0.07342873513698578,-0.0612974539399147,-0.041518982499837875,-0.011749809607863426,-0.042101822793483734,9.734550258144736e-05,0.0438048429787159,-0.01918177492916584,-0.024792175740003586,-0.04154689237475395,0.06592050939798355,-0.10724887251853943,-0.030303725972771645,0.054075825959444046,0.044246774166822433,0.05838251858949661,0.06260261684656143,-0.05323021486401558,0.058476511389017105,-0.021290365606546402,-0.08711657673120499,-0.03665163367986679,0.034468792378902435,0.03494829311966896,-0.020457854494452477,-0.07215452939271927,-0.011295123025774956,-0.018069984391331673,-0.0045709386467933655,0.05925408750772476,0.07373442500829697,-0.02074779011309147,-0.036176033318042755,-0.00034952114219777286,0.07272966206073761,0.026412595063447952,0.024792494252324104,-0.005887373350560665,0.03224194794893265,-0.022807195782661438,0.020300064235925674,-0.018932245671749115,-0.006026805844157934,-0.06446896493434906,-0.09888995438814163,-0.02882733941078186,0.02420593984425068
5,-0.025507405400276184,-0.009474729187786579,0.021887075155973434,0.03521661087870598,-0.012574199587106705,0.04592480883002281,0.009097867645323277,0.06320150941610336,0.07089848816394806,0.11095225065946579,0.03393325209617615,0.08196155726909637,0.06845290958881378,0.07269081473350525,0.09645309299230576,-0.03875068202614784,0.03716500848531723,0.07191014289855957,-0.04235569015145302,-0.05323664844036102,-0.057194702327251434,0.03352835774421692,0.07644016295671463,0.05481470748782158,0.06808535754680634,-0.00817327480763197,0.03899966925382614,-0.06925191730260849,0.04628709703683853,0.06041582673788071,0.03708142414689064,0.03149188682436943,0.00027914319070987403,-0.009652533568441868,-0.06404535472393036,-0.03296683356165886,0.1041521206498146,-0.007936328649520874,0.03668585047125816,0.009138510562479496,-0.025456752628087997,0.04887635260820389,0.07278109341859818,0.0688389241695404,0.06277533620595932,0.03552902489900589,-0.03694453090429306,0.08464448899030685,-0.04856104403734207
6,0.04546555504202843,-0.026023074984550476,0.030579237267374992,-0.02181985415518284,-0.033737462013959885,0.03655345365405083,-0.02319333329796791,0.0092241782695055,-0.11661211401224136,-0.09517554193735123,-0.031424250453710556,-0.06977583467960358,0.06046002730727196,0.037556618452072144,-0.06472611427307129,-0.08791282773017883,-0.0034597550984472036,-0.10953997075557709,0.06810349225997925,0.039403945207595825,0.01589326560497284,-0.04710553213953972,-0.09521660953760147,0.01805082894861698,-0.12555110454559326,-0.06282957643270493,-0.05655420199036598,0.1082356870174408,-0.11275387555360794,-0.0103346798568964,-0.1536189466714859,-0.12943565845489502,-0.056748587638139725,-0.004095309413969517,0.06064533814787865,-0.07268954068422318,-0.10120830684900284,-0.10150203108787537,-0.08566877245903015,-0.030001679435372353,-0.041468407958745956,0.0646720752120018,-0.09577206522226334,-0.15401950478553772,-0.14340686798095703,-0.15660147368907928,-0.008475150913000107,-0.02019910328090191,0.029619812965393066
7,-0.07121177762746811,0.024825097993016243,0.09359293431043625,0.11987197399139404,0.008125465363264084,0.06370563060045242,-0.019836386665701866,0.09079676121473312,-0.0015825030859559774,0.13375543057918549,0.04976179450750351,0.08604689687490463,0.08542242646217346,0.11273492127656937,0.03984125331044197,-0.048616889864206314,0.10253764688968658,0.03737581893801689,0.045025911182165146,-0.027709735557436943,-0.02841237559914589,-0.05448675900697708,0.06069955974817276,0.03309909254312515,0.030220413580536842,0.025798805058002472,0.04782567545771599,0.014747867360711098,-0.06734295189380646,0.04122597351670265,0.06799807399511337,0.07221332937479019,0.09514262527227402,0.06300051510334015,0.06530217081308365,0.02222406677901745,-0.03915201500058174,0.051412101835012436,-0.013280491344630718,0.012512145563960075,0.008637074381113052,-0.03155222535133362,0.05149897187948227,0.08106032013893127,0.06713727116584778,-0.05987223610281944,0.07353655993938446,0.061305899173021317,0.03686413913965225
8,-0.10516338795423508,0.03544529527425766,-0.08668481558561325,-0.0679294764995575,-0.03719630837440491,-0.04018302261829376,-0.09124203026294708,-0.010308558121323586,-0.07311928272247314,0.022221941500902176,0.050160568207502365,-0.027638012543320656,-0.007615444716066122,0.05001908168196678,0.04504753276705742,0.016169091686606407,-0.006584532558917999,-0.06952598690986633,-0.018260564655065536,0.01584278605878353,-0.03196713328361511,-0.04747333377599716,-0.014730430208146572,-0.02683027647435665,-0.04670315980911255,-0.07389383018016815,-0.00744134234264493,0.04391472041606903,0.008538096211850643,0.027669796720147133,0.05579175055027008,0.033240772783756256,0.07020311802625656,0.07102518528699875,-0.057606860995292664,-0.06491221487522125,-0.09852398186922073,-0.010632396675646305,0.03672488406300545,-0.06345120817422867,0.0060179694555699825,-0.1002342700958252,-0.09498176723718643,-0.09746716916561127,0.0325872078537941,-0.11362889409065247,-0.09828052669763565,-0.0034721235278993845,-0.020952723920345306
9,0.010466260835528374,-0.017426174134016037,0.06898394227027893,-0.019750941544771194,-0.06433501094579697,0.04544598236680031,-0.04807106778025627,-0.03116728737950325,-0.07225633412599564,0.057311415672302246,0.021892666816711426,-0.009868506342172623,0.018977461382746696,0.028183601796627045,0.047828610986471176,-0.06148938834667206,-0.04530667886137962,-0.02070503495633602,-0.01844484731554985,-0.015595749020576477,0.011752239428460598,0.05025005340576172,0.021293330937623978,-0.057840537279844284,0.04818425327539444,0.06527624279260635,-0.0394987091422081,0.08280583471059799,-0.03394734859466553,-0.009845432825386524,-0.0005248955567367375,-0.0036833477206528187,0.09659722447395325,0.11219621449708939,0.09766396880149841,-0.018072551116347313,0.00866872351616621,0.045473769307136536,-0.002536719897761941,0.05750397592782974,0.08183010667562485,0.0018273283494636416,-0.038684070110321045,0.06148035451769829,0.07339412719011307,0.06609343737363815,0.0596892386674881,0.08795434981584549,0.055101439356803894
10,-0.0830182209610939,-0.07844273746013641,0.05255771800875664,0.04623999819159508,-0.009924160316586494,0.032783977687358856,-0.10465012490749359,0.0283974502235651,-0.0035262303426861763,0.045520130544900894,-0.04560258984565735,0.0779113695025444,0.01504531130194664,0.0339583195745945,0.003655082546174526,-0.008875974453985691,-0.03697767108678818,-0.05165107548236847,-0.004044762812554836,-0.06337195634841919,0.02481343410909176,0.0710134357213974,0.07980825752019882,-0.0618429109454155,0.07673124969005585,-0.05612831935286522,0.021677566692233086,-0.03846762329339981,0.00022595777409151196,-0.048530083149671555,-0.06249164789915085,0.0849975124001503,-0.03423667326569557,0.06796474754810333,0.021630752831697464,-0.0016230609035119414,-0.03437117859721184,-0.005421996116638184,0.05077807232737541,0.009292244911193848,-0.03160204738378525,-0.08246945589780807,0.062168002128601074,-0.01960657723248005,-0.0432165153324604,0.06842833012342453,0.039935726672410965,-0.028185876086354256,-0.0471503771841526
11,0.032999955117702484,-0.04134240746498108,-0.14160919189453125,-0.10644244402647018,-0.1630430966615677,-0.026957320049405098,-0.012468350119888783,0.026185395196080208,-0.06819350272417068,0.01570993661880493,-0.1253555864095688,-0.17139820754528046,-0.1317860633134842,-0.14432503283023834,-0.027900204062461853,-0.03109172359108925,0.00832473486661911,0.05012454465031624,-0.026314495131373405,-0.115073062479496,-0.12958510220050812,0.04974186420440674,0.08890743553638458,0.06363201886415482,-0.10709712654352188,-0.12619967758655548,-0.06972849369049072,-0.056595560163259506,0.01962781883776188,0.08157657086849213,-0.004719797987490892,0.015410604886710644,-0.0625590905547142,-0.10065888613462448,-0.06809916347265244,-0.00956217385828495,0.001772324088960886,-0.027638431638479233,0.10884539037942886,0.04127144068479538,0.08419203013181686,0.08272800594568253,0.026649609208106995,0.10653854161500931,0.07253321260213852,0.008602913469076157,0.009492425248026848,0.12227763235569,0.1095290407538414
12,-0.03006201982498169,0.011421222239732742,-0.01244303211569786,0.02058841660618782,-0.05336359888315201,0.021589480340480804,0.03481198847293854,0.07420758903026581,0.09461554884910583,0.0036858839448541403,0.07588716596364975,0.008686794899404049,0.06176963075995445,0.05697077140212059,-0.011415861546993256,-0.0340350903570652,0.06697320938110352,0.034081000834703445,0.10367140918970108,0.03319942578673363,-0.0007828327943570912,0.06727568060159683,-0.025291042402386665,0.11393764615058899,0.078496053814888,0.0061164372600615025,-0.036853279918432236,-0.07592016458511353,0.06304756551980972,-0.05955808237195015,0.10815374553203583,-0.01697501912713051,-0.012309080921113491,-0.11980556696653366,0.01284122932702303,0.027324004098773003,0.00604981416836381,0.03763142228126526,0.030328480526804924,-0.02560718171298504,-0.10141564160585403,0.01670217514038086,-0.08826324343681335,-0.07961343228816986,-0.003084852360188961,-0.12187427282333374,-0.09257999062538147,-0.09499484300613403,-0.11326511949300766
13,0.050306566059589386,0.029150957241654396,0.011267293244600296,0.06404697149991989,-0.02808855101466179,0.06883087009191513,-0.03167963773012161,0.05704823136329651,-0.07338663190603256,-0.028591761365532875,-0.09096161276102066,-0.05042197182774544,0.08559426665306091,-0.06147900968790054,-0.01237097755074501,-0.0627741888165474,0.015665991231799126,-0.023733040317893028,-0.04622238501906395,-0.07940879464149475,0.05351286754012108,-0.06865244358778,-0.07843957096338272,-0.04407120123505592,0.022820433601737022,0.01087958924472332,0.018901653587818146,-0.07932300120592117,0.035063717514276505,0.05691658332943916,-0.06805296987295151,-0.04507073760032654,0.05695551633834839,0.03645215928554535,-0.04231937974691391,0.020731225609779358,-0.07291554659605026,-0.09206584841012955,-0.09950874745845795,-0.04816987365484238,-0.032986368983983994,-0.07433391362428665,-0.07271535694599152,0.005208773538470268,-0.0421900749206543,-0.06224231794476509,-0.08014645427465439,0.05327117443084717,0.04003613442182541
14,-0.010245053097605705,0.0551893413066864,0.06740127503871918,0.022620979696512222,0.049517322331666946,0.039072658866643906,0.06044387072324753,0.03412025794386864,0.0414244681596756,-0.06759563088417053,0.0431843064725399,0.0397212952375412,0.06479208171367645,0.07707951962947845,0.07745424658060074,0.023842323571443558,0.0763908252120018,0.0892825722694397,0.012023729272186756,-0.015076170675456524,-0.03216954693198204,0.07345891743898392,-0.03439035266637802,-0.053714483976364136,0.02383239194750786,0.0455455482006073,0.03319697082042694,-0.024077966809272766,0.02260507084429264,0.010426212102174759,-0.018063465133309364,0.07422139495611191,0.09423866868019104,-0.0441276915371418,0.0017127013998106122,0.02856181189417839,0.0013097503688186407,-0.03924346715211868,0.0986529216170311,-0.05900755897164345,0.08703604340553284,0.09452687203884125,0.07581041008234024,-0.007936039939522743,0.04398567974567413,0.05412427708506584,0.040519002825021744,-0.05445357412099838,0.030975613743066788
15,0.0034641011152416468,-0.017665715888142586,0.03914229944348335,-0.008530505001544952,0.01799694634974003,0.025247035548090935,0.029320990666747093,-0.00426600594073534,0.11424782872200012,0.040044061839580536,0.0020563392899930477,0.086410753428936,-0.017724275588989258,-0.06386309862136841,-0.024989377707242966,0.01839844509959221,0.08223816007375717,-0.0007505826069973409,0.028682177886366844,0.02815130539238453,-0.035392459481954575,-0.0012393805664032698,0.06901060789823532,-0.015455015935003757,0.08947592228651047,-0.02015434019267559,0.04604945704340935,-0.05266236141324043,-0.042241938412189484,0.07138703763484955,0.045388948172330856,0.01168922707438469,0.020697863772511482,0.032558340579271317,-0.023608144372701645,0.00996630173176527,-0.07711730897426605,-0.029010675847530365,-0.003591348649933934,0.013779674656689167,0.06537196785211563,0.008481677621603012,-0.0623779222369194,0.03200971707701683,0.05140300840139389,-0.0979420393705368,-0.051651109009981155,0.06524942070245743,-0.05816354230046272
16,-0.03879167139530182,0.04082047939300537,-0.043688978999853134,-0.012307219207286835,0.024604203179478645,0.003359774360433221,0.043601494282484055,-0.04188093543052673,-0.06180668622255325,-0.009302831254899502,0.01427355408668518,0.07122906297445297,0.035337742418050766,0.06340210884809494,0.06928665190935135,0.04100184887647629,0.06626317650079727,-0.003951796796172857,0.013452435843646526,0.059598732739686966,-0.037485770881175995,-0.06505617499351501,0.0770987942814827,0.018025247380137444,-0.060293301939964294,0.018151426687836647,0.047182098031044006,-0.0499192513525486,-0.0012656812323257327,-0.011415518820285797,-0.052828386425971985,0.041669633239507675,0.0737462118268013,0.07767041027545929,0.02850526198744774,-0.015734221786260605,-0.029930738732218742,0.01853048801422119,-0.015963874757289886,-0.0212212186306715,-0.01652880571782589,-0.034855764359235764,-0.012809391133487225,-0.0011760176857933402,-0.02320030704140663,-0.012365399859845638,0.07588323950767517,-0.038966380059719086,-0.03278816118836403
17,0.06777539849281311,0.03469141572713852,-0.01429616566747427,0.011586573906242847,-0.043524324893951416,-0.07841930538415909,-0.034209467470645905,0.06818687170743942,0.07624803483486176,-0.08114416152238846,-0.10473456233739853,-0.055180612951517105,-0.03840017318725586,0.038276128470897675,-0.01121495570987463,0.006837662309408188,-0.06759368628263474,0.0760062038898468,0.10713490843772888,0.03455331176519394,0.005383232608437538,-0.043948594480752945,-0.09918447583913803,-0.05776286870241165,-0.01561438012868166,0.034707579761743546,0.09405311942100525,-0.019451135769486427,-0.031245555728673935,0.0249036718159914,0.06045747548341751,0.08775366097688675,0.10185007005929947,0.014004948548972607,-0.036677032709121704,-0.026169059798121452,-0.019542168825864792,0.06096992641687393,-0.0027047835756093264,0.0987929254770279,-0.010132628493010998,0.08159314095973969,-0.1325577348470688,-0.12088286876678467,-0.117586649954319,-0.027630900964140892,0.0809575542807579,0.024946315214037895,0.07739578932523727
18,0.15700148046016693,0.06898728758096695,0.038808997720479965,0.0863727256655693,0.0332549549639225,0.054683759808540344,0.007039408665150404,0.06715713441371918,-0.005550727713853121,-0.06867825984954834,0.07735494524240494,0.08155814558267593,-0.06747826933860779,-0.010563788004219532,0.06198735535144806,0.0080846743658185,-0.08466043323278427,-0.005223918240517378,-0.06590051203966141,-0.11394559592008591,-0.006901828572154045,0.12301904708147049,-0.057873595505952835,-0.011100655421614647,-0.22720728814601898,-0.18823987245559692,-0.19579242169857025,-0.14492549002170563,0.11409375816583633,-0.0602860301733017,-0.18236981332302094,-0.12942421436309814,-0.257388710975647,-0.2276127189397812,-0.20741260051727295,0.12040006369352341,-0.06991972774267197,-0.10109493136405945,-0.14776064455509186,-0.1834653913974762,-0.11833050847053528,-0.17812632024288177,-0.00847847294062376,-0.01791488751769066,-0.16351279616355896,-0.08010437339544296,-0.1715710163116455,-0.09015703946352005,-0.04784031957387924
19,-0.016491418704390526,-0.07017301768064499,-0.1115332841873169,-0.058754127472639084,-0.09673620760440826,-0.09758339077234268,-0.029481640085577965,-0.09159628301858902,-0.09102507680654526,-0.07105615735054016,-0.11734533309936523,0.010620657354593277,-0.099138043820858,-0.0889199897646904,-0.04558960348367691,0.016166118904948235,0.04619075730443001,-0.004535112529993057,-0.028743963688611984,0.002474850509315729,-0.019941085949540138,-0.03962630406022072,0.11923526972532272,0.05648154020309448,-0.034734632819890976,-0.05895059555768967,-0.08801236748695374,0.023634109646081924,0.09478766471147537,0.07669637352228165,0.07729588449001312,-0.07296716421842575,-0.12767836451530457,0.002674699993804097,0.03763211518526077,0.09051571786403656,-0.0013240213738754392,0.101422019302845,0.010876116342842579,-0.009387177415192127,-0.005918134469538927,0.011008668690919876,-0.047981489449739456,0.08028580993413925,0.10088565945625305,0.028259191662073135,0.007264574524015188,0.05863567441701889,-0.042165253311395645
20,-0.024032775312662125,-0.057190973311662674,-0.02489287406206131,-0.025347188115119934,0.09833671152591705,0.05696680769324303,0.03743596374988556,-0.0054243626073002815,0.056922443211078644,0.076853908598423,0.031155139207839966,0.0547427199780941,0.047622017562389374,0.01627626083791256,0.02247101441025734,0.048119913786649704,0.07052770256996155,0.029959993436932564,0.021046943962574005,-0.028328310698270798,0.03934629261493683,0.05076417699456215,0.03283967077732086,-0.04336332902312279,0.08672938495874405,-0.07620931416749954,0.07174062728881836,-0.04095562547445297,0.06279028207063675,0.05312531441450119,-0.018451819196343422,-0.011267239227890968,0.012263241223990917,0.04837999492883682,-0.010421335697174072,-0.010306361131370068,0.07947464287281036,0.05898572504520416,-0.00896189920604229,0.10077863186597824,-0.04529642313718796,-0.0036627009976655245,0.015618925914168358,0.08955733478069305,0.021102560684084892,0.04113858565688133,-0.0023481266107410192,-0.030887292698025703,0.04937157407402992
21,0.03908398374915123,-0.05908675864338875,0.048031795769929886,0.02211892604827881,0.0014980767155066133,0.0934518426656723,0.0984005331993103,-0.020674778148531914,-0.08758381754159927,-0.01167061273008585,-0.05821827054023743,-0.06778331845998764,0.01806751638650894,0.09824350476264954,-0.024445636197924614,-0.06400896608829498,-0.004001936875283718,-0.014683500863611698,0.010822571814060211,0.055084165185689926,0.07440424710512161,-0.09035050123929977,-0.047916702926158905,-0.02438809722661972,-0.14602062106132507,-0.11143597215414047,-0.05395469442009926,-0.06987913697957993,0.008180133067071438,-0.1226128339767456,-0.10689035058021545,-0.20623022317886353,-0.14190319180488586,-0.11175896227359772,-0.029687486588954926,-0.12216468155384064,-0.17101211845874786,-0.19663625955581665,-0.21947245299816132,-0.15650251507759094,-0.14008858799934387,-0.058768078684806824,-0.022074196487665176,-0.09815949201583862,-0.1119450181722641,-0.08482310175895691,-0.0929708331823349,-0.06657994538545609,0.01090879738330841
22,-0.05934430658817291,-0.04554043710231781,0.08771242946386337,0.05117082595825195,0.054741691797971725,-0.014362785033881664,-0.0017408214043825865,-0.06266822665929794,0.02939901128411293,0.03511461243033409,0.018635645508766174,0.06478716433048248,-0.0025764028541743755,0.10663213580846786,0.09945832192897797,0.10061299800872803,0.05932532623410225,0.06520379334688187,0.06525096297264099,-0.00428553344681859,-0.014411871321499348,-0.010041521862149239,0.01849665865302086,-0.042514026165008545,0.032383035868406296,0.016109324991703033,-0.03282047063112259,0.03733149915933609,-0.025661204010248184,0.006892398465424776,0.04796886444091797,0.026025328785181046,0.0762258991599083,-0.005294695496559143,0.03622180595993996,0.05963583663105965,0.10227422416210175,0.04006821662187576,0.015666315332055092,-0.041765715926885605,0.09626680612564087,0.11028881371021271,0.06063390150666237,-0.032917968928813934,-0.04073292016983032,0.1160721704363823,0.08928384631872177,-0.05182653293013573,0.05215508118271828
23,-0.045818280428647995,0.003542880294844508,-0.04290802776813507,0.09803473949432373,0.061856962740421295,-0.05555463209748268,0.030985558405518532,0.08651726692914963,0.03271040320396423,-0.016747279092669487,-0.032130610197782516,-0.05082583799958229,0.01133960671722889,0.021507075056433678,0.045323360711336136,0.014292106032371521,0.021962862461805344,0.09523025900125504,0.07625647634267807,-0.037522267550230026,-0.03807440027594566,-0.05852280929684639,-0.018158337101340294,0.08241933584213257,0.021410411223769188,0.08136935532093048,0.04483145475387573,-0.024264641106128693,-0.014467637054622173,0.003985369112342596,0.09819547086954117,0.01848861761391163,0.06235820800065994,0.03342357650399208,0.018480360507965088,0.06533771008253098,0.015491809695959091,0.006294687278568745,0.0348978228867054,0.04223281145095825,0.0962759330868721,-0.017486250028014183,0.07878325134515762,-0.028770053759217262,0.04444295912981033,-0.01840228959918022,-0.019205192103981972,-0.0274360328912735,0.0025760794524103403
24,-0.09965374320745468,0.004856990184634924,0.014744733460247517,-0.03320077806711197,0.07338031381368637,-0.06139298528432846,0.07958710938692093,-0.1065661832690239,-0.09464287012815475,-0.13058097660541534,0.05318748578429222,-0.09318915009498596,-0.07016197592020035,0.11101429909467697,-0.08671243488788605,-0.08196142315864563,-0.05852747708559036,-0.08605461567640305,-0.08323583006858826,-0.06511873751878738,0.07366416603326797,-0.07777301222085953,-0.08325053751468658,-0.05493642017245293,0.05922548100352287,-0.034065231680870056,-0.07455936819314957,-0.02069355919957161,0.08943956345319748,0.031082773581147194,-0.0654730275273323,0.04585511237382889,0.038063421845436096,0.035045772790908813,0.07026083767414093,0.07609822601079941,-0.03577475622296333,0.05380779132246971,0.028383474797010422,-0.0019789491780102253,0.08806737512350082,-0.05820414051413536,0.10235892236232758,0.10098361223936081,0.023499947041273117,-0.02691291645169258,0.09287619590759277,0.0967903807759285,0.03445825353264809
25,0.05697795748710632,-0.012580479495227337,0.018928349018096924,0.07658781111240387,0.07065178453922272,-0.06424452364444733,0.029094072058796883,0.08157142996788025,0.051369763910770416,-0.06438319385051727,0.011398137547075748,0.010530363768339157,0.004600606393069029,-0.05857374519109726,0.0644768476486206,0.07013991475105286,-0.035214219242334366,-0.06010257825255394,0.028493082150816917,-0.044628359377384186,0.06309020519256592,0.024096950888633728,-0.03798411786556244,-0.09066298604011536,-0.09093642979860306,0.01708276942372322,-0.012843601405620575,-0.007972663268446922,-0.010316274128854275,-0.08188743144273758,-0.07548539340496063,0.06831511855125427,0.007850985042750835,0.03901002183556557,-0.037760742008686066,-0.07589003443717957,0.07156632840633392,-0.06399224698543549,0.022366976365447044,-0.0706389918923378,0.05114256590604782,0.07152281701564789,-0.09246122092008591,0.018046438694000244,0.05823175236582756,0.005069333594292402,-0.08375383913516998,0.017265131697058678,0.03826893866062164
26,0.10814042389392853,0.04242090880870819,0.048093557357788086,0.021288257092237473,0.10500101000070572,0.11170198023319244,0.013131566345691681,0.010605599731206894,0.0291812252253294,0.020508352667093277,0.0360669270157814,0.054279446601867676,0.0006804303266108036,0.03145645558834076,0.04744107276201248,0.04048982635140419,0.027909576892852783,0.09837581217288971,0.08622702211141586,0.027218271046876907,-0.017477013170719147,0.07792717963457108,0.06910431385040283,0.08633729070425034,0.11636876314878464,-0.008247070014476776,0.08446957916021347,-0.03773810341954231,0.11761203408241272,0.0647202655673027,0.0036793756298720837,0.10601028054952621,0.12109681963920593,0.09987478703260422,0.039645303040742874,0.0802541971206665,0.06182296201586723,0.11202795058488846,0.042669568210840225,0.03282349556684494,0.060612455010414124,0.11180474609136581,0.1321387141942978,0.1350855529308319,0.12908992171287537,0.09113287180662155,0.03070090338587761,0.1128099113702774,0.03557727113366127
27,0.033099159598350525,0.04143470153212547,-0.05004934221506119,0.00560385687276721,0.06721914559602737,-0.03705909848213196,0.05748569965362549,0.05452141910791397,0.06822655349969864,-0.010263165459036827,0.03481297567486763,-0.05244309827685356,0.09565392136573792,-0.005154476501047611,0.04005056247115135,-0.004440605640411377,0.020590906962752342,0.03266565501689911,0.06448380649089813,0.1016797199845314,0.0158896055072546,-0.02342512272298336,0.06603236496448517,0.007648101542145014,-0.015481613576412201,0.02931094914674759,-0.04233869910240173,0.01577424444258213,0.03427852317690849,-0.03525098040699959,-0.022155337035655975,0.013841737993061543,0.0864138975739479,-0.0009776003425940871,0.027027221396565437,-0.05461612343788147,0.03831872716546059,-0.03166411444544792,-0.05634750425815582,0.05814094841480255,-0.06424332410097122,0.06244586408138275,-0.014061080291867256,-0.0050578732043504715,0.050779081881046295,0.03584492206573486,-0.011779834516346455,-0.028532294556498528,0.07732021063566208
28,0.03892253339290619,0.08100062608718872,0.033985599875450134,0.093121737241745,-0.0032010581344366074,0.025032510980963707,-0.07495304197072983,0.11309551447629929,0.04243477061390877,0.052837640047073364,0.03485211357474327,-0.05609472841024399,0.03055422380566597,-0.07688800245523453,0.09033504873514175,0.0146064767614007,-0.0718463584780693,-0.06204443424940109,0.044204577803611755,-0.04671277850866318,0.015191341750323772,-0.03236804157495499,-0.06806188821792603,0.010003229603171349,-0.06081625446677208,-0.021157225593924522,-0.0880553126335144,-0.01620296575129032,-0.06381462514400482,-0.08490761369466782,-0.004343707580119371,0.062236081808805466,0.046194035559892654,-0.10715039074420929,-0.0917830690741539,-0.13646548986434937,-0.08286957442760468,-0.1448211669921875,-0.07787277549505234,-0.12853989005088806,-0.0728524699807167,0.007131831254810095,-0.13766628503799438,-0.10076052695512772,-0.08312109112739563,-0.03225625306367874,-0.032288603484630585,0.01712454855442047,0.032354701310396194
29,-0.01615062542259693,-0.028235003352165222,0.08342815935611725,-0.04443227872252464,-0.09476558119058609,-0.11280296742916107,-0.10349223017692566,-0.0008999057463370264,-0.06653834879398346,-0.04589736834168434,-0.1293552666902542,-0.047954779118299484,-0.04823857173323631,-0.08707206696271896,0.05189485102891922,0.0217678714543581,-0.07697372138500214,0.013400365598499775,-0.03326372429728508,-0.02314882166683674,-0.1127568706870079,0.10985340178012848,-0.09002157300710678,-0.08788761496543884,-0.07338275760412216,-0.12663951516151428,0.029267501085996628,-0.09987746179103851,0.04852352663874626,-0.0271466001868248,0.06721364706754684,0.08407925069332123,0.07499703764915466,0.003230992006137967,0.03844611719250679,0.03348914906382561,0.0669521763920784,-0.05533404275774956,-0.015179703943431377,0.00045324195525608957,0.04536467418074608,0.056913815438747406,0.02575499750673771,0.09382900595664978,-0.06666431576013565,-0.08176376670598984,-0.07128701359033585,0.007842320017516613,-0.0070677343755960464
30,-0.036958012729883194,0.030126085504889488,0.03037518821656704,0.04062062129378319,0.03951345384120941,0.001053288928233087,-0.020682258531451225,-0.08108895272016525,0.0051534222438931465,-0.04083775356411934,0.016942087560892105,-0.018651528283953667,-0.01645503006875515,-0.003947446122765541,-0.026874965056777,-0.045495036989450455,0.06964574009180069,0.02117890678346157,0.07375337928533554,-0.010754638351500034,0.004005032125860453,0.033244796097278595,0.04696602374315262,-0.01749897375702858,0.08527108281850815,0.01140720583498478,-0.0064704627729952335,0.030516119673848152,-0.008815228939056396,-0.031115777790546417,-0.018078213557600975,-0.013430731371045113,-0.04544256255030632,-0.0011362230870872736,0.003741626162081957,-0.02226683497428894,-0.08436884731054306,0.030930595472455025,-0.008143219165503979,0.06316698342561722,0.06303084641695023,0.07113383710384369,-0.08227754384279251,0.059743888676166534,0.046171531081199646,0.05167975649237633,0.0408984012901783,-0.045220907777547836,0.006550883874297142
31,0.08343961089849472,0.06111785024404526,0.08472196012735367,0.000984296901151538,0.08814137428998947,0.0070050866343081,0.08236701786518097,0.003089284058660269,-0.02302445098757744,0.03368654474616051,0.06428410112857819,-0.040238723158836365,-0.008010748773813248,-0.02426719106733799,0.09159427136182785,0.0879831463098526,0.08745173364877701,-0.05576980113983154,0.012477436102926731,-0.061330314725637436,0.00693769846111536,0.035151347517967224,0.05380544811487198,0.021639397367835045,0.0435497984290123,-0.06025221198797226,-0.08524623513221741,0.0522003099322319,-0.04925241693854332,-0.04723857715725899,-0.06289994716644287,-0.039111100137233734,0.018570005893707275,0.052826136350631714,0.0499524362385273,-0.09550302475690842,0.015584629960358143,-0.021202607080340385,-0.02830110490322113,0.017804941162467003,-0.06782598793506622,-1.3127460988471285e-05,-0.07936455309391022,0.060251012444496155,0.03721770644187927,0.03560600057244301,0.06829852610826492,0.06387140601873398,-0.02487119287252426
